"name","genre","year_released"
"Judgment","Action-adventure",2022
"Final Fantasy VI","Role-playing",2022
"Final Fantasy VII Remake Intergrade","Action role-playing game",2022
"Return to Monkey Island","Devolver Digital",2022
"God of War","Action-adventure, hack and slash",2022
"Lost Judgment","Action-adventure",2022
"Final Fantasy V","Role-playing",2021
"Bus Simulator","Simulator",2021
"Final Fantasy","Role-playing",2021
"Final Fantasy II","Role-playing",2021
"Yakuza 3 Remastered","Action Adventure, Beat 'em up",2021
"Hitman III","Action-adventure, stealth",2021
"Yakuza 6: The Song of Life","Action Adventure, Beat 'em up",2021
"Black Skylands","Top-down shooter, Open world",2021
"Sands of Salzaar","Action RPG, strategy, open world",2021
"Persona 4 Golden","Role-playing, social simulation",2020
"Ori and the Will of the Wisps","Platform",2020
"Assassin's Creed Valhalla","Action-adventure",2020
"Desperados III","Real-time tactics",2020
"Yakuza: Like a Dragon","Role-Playing Game, Beat 'em up",2020
"Valorant","First-person shooter",2020
"Half-Life: Alyx","First-person shooter, VR game",2020
"Abzû","Adventure, art game, simulation",2019
"Yakuza Kiwami 2","Action Adventure, Beat 'em up",2019
"Ace Combat 7: Skies Unknown","Combat flight simulator",2019
"Yakuza Kiwami","Action Adventure, Beat 'em up",2019
"Mortal Kombat 11","Fighting",2019
"ARIDA: Backland's Awakening","Adventure",2019
"Widelands","Widelands",2019
"Assetto Corsa Competizione","Racing, simulation",2019
"Tropico 6","Construction and management simulation, City-building game",2019
"Apex Legends","Battle royale",2019
"Red Dead Redemption 2","Action-adventure",2019
"Clans to Kingdoms","4X, Turn-based strategy, City-building",2019
"Borderlands 3","Action role-playing, first-person shooter",2019
"Call of Duty: Black Ops 4","FPS",2018
"Zup! Zero 2","Puzzle",2018
"Zup! Arena","Action, MMO",2018
"Zup! X","Puzzle",2018
"Sunset Overdrive","Action-adventure, third-person shooter",2018
"Assassin's Creed Odyssey","Action-adventure",2018
"Identity","MMORPG",2018
"Next Car Game: Wreckfest","Racing, destruction",2018
"Shadow of the Tomb Raider","action-adventure",2018
"Blade Strangers","Fighting",2018
"Just Cause 4","Open world, action",2018
"RimWorld","Construction and management simulation",2018
"Insurgency: Sandstorm","First-person shooter",2018
"Return of the Obra Dinn","Adventure, Puzzle",2018
"Empires Apart","RTS",2018
"Zup! 8","Puzzle",2018
"Final Fantasy XV","Action role-playing game",2018
"Attack on Titan 2","Action, Hack and slash",2018
"Battlefield V","First-person shooter",2018
"Yakuza 0","Action Adventure, Beat 'em up",2018
"Lobotomy Corporation","Management simulation, indie",2018
"World of Warcraft: Battle for Azeroth","Online role-playing game",2018
"Phantom Doctrine","Strategy",2018
"Hitman 2","Action-adventure, stealth",2018
"Kenshi","Role-playing video game",2018
"Night in the Woods","Adventure",2017
"A Bloody Night","Action",2017
"A Butterfly in the District of Dreams","Visual Novel",2017
"Aaero","Action, Rhythm/Music",2017
"A Duel Hand Disaster: Trackher","Shoot 'em up",2017
"Absolver","Action role-playing",2017
"Zup! Zero","Puzzle",2017
"Accel World vs. Sword Art Online: Millennium Twilight","Action role-playing",2017
"World of Final Fantasy","Role-playing",2017
"Unturned","Open-world, first-person shooter, RPG",2017
"PlayerUnknown's Battlegrounds","Multiplayer online game, Battle royale game",2017
"Zup! 7","Puzzle",2017
"Afterparty","Adventure",2017
"Nioh","Action role-playing",2017
"Nier: Automata","Action role-playing",2017
"NBA Playgrounds","Sports",2017
"A Girls Fabric Face","Adventure",2017
"NBA 2K18","Sports",2017
"Hollow Knight","Action adventure, Metroidvania",2017
"A Hat in Time","Platform, action-adventure",2017
"Hello Neighbor","Stealth, survival horror",2017
"A Hat in Time","Adventure, platforming",2017
"Giant Cop: Justice Above All","Action",2017
"Fortnite","co-op, sandbox, survival game",2017
"Zup! 6","Puzzle",2017
"Cuphead","Action, run and gun",2017
"Zup! 5","Puzzle",2017
"Assassin's Creed Origins","Action-adventure",2017
"Brawlhalla","Fighting",2017
"Zup! 4","Puzzle",2017
"Zup! 3","Puzzle",2017
"Pony Island","Indie",2016
"Hitman","Action-adventure, stealth",2016
"Civilization VI","Turn-based strategy",2016
"Call of Duty: Infinite Warfare","First-person shooter",2016
"A Detective's Novel","Visual Novel",2016
"Adrift (video game)","Adventure",2016
"Postal Redux","Shoot 'em up",2016
"A Demon's Game: Episode 1","Action, Adventure, Horror",2016
"Fragmented","Survival, RPG",2016
"A dead world's dream","Platformer",2016
"Rec Room","Action RPG, first-person shooter",2016
"Final Fantasy X/X-2 HD Remaster","Role-playing",2016
"Attack on Titan","Action, Hack and slash",2016
"Final Fantasy IX","Role-playing",2016
"Rise of the Tomb Raider","Action-adventure",2016
"Starbound","Action-adventure, first-person shooter",2016
"Stardew Valley","Farming simulation, RPG",2016
"Stellar Monarch","4X, strategy",2016
"Wheels of Aurelia","Visual Novel",2016
"World of Warcraft: Legion","Online role-playing game",2016
"Far Cry Primal","Action-adventure",2016
"Event 0","Adventure",2016
"Accounting (video game)","Exploration game",2016
"DOOM","First-person shooter",2016
"Deus Ex: Mankind Divided","Action role-playing",2016
"Youtubers Life","Life simulation, business simulation",2016
"Dark Souls III","Action role-playing",2016
"A Chair in a Room: Greenwater","Adventure",2016
"Cobalt","Action, sidescroller",2016
"A Blind Legend","Action, Adventure",2016
"A Boy and His Blob","Adventure",2016
"Zup!","Puzzle",2016
"Zup! 2","Puzzle",2016
"NBA 2K16","Sports",2016
"Legends of Callasia","Turn-based strategy",2016
"Layers of Fear","Survival horror",2016
"Kingdom: New Lands","Strategy, Adventure",2016
"Killing Floor 2","First-person shooter",2016
"NBA 2K17","Sports",2016
"No Man's Sky","Action-adventure",2016
"OneShot","Adventure, Puzzle",2016
"Overwatch","Action",2016
"Oxenfree","Graphic adventure",2016
"Homeworld: Deserts of Kharak","Real-time strategy",2016
"A dragon girl looks up at the endless sky","RPG",2016
"Pixel Piracy","Action-adventure",2016
"A-Men 2","Adventure, Puzzle",2015
"Absolute Drift","Racing game",2015
"Abyss Odyssey","Roguelike, action-adventure",2015
"Act of Aggression","Real-time strategy",2015
"AdVenture Capitalist","Incremental",2015
"Adventures of Pip","Action, platform",2015
"AdvertCity","Tycoon game",2015
"Age of Empires II: The African Kingdoms","Real-time Strategy (RTS)",2015
"Airscape: The Fall of Gravity","Platformer",2015
"Anno 2205","City-building game",2015
"Assassin's Creed Syndicate","Action-adventure",2015
"Automation - The Car Company Tycoon Game","Business simulation",2015
"A Bastard's Tale","Action, Adventure",2015
"A Date in the Park","Adventure",2015
"A Druid's Duel","Turn-Based Strategy",2015
"Batman: Arkham Knight","Action, adventure",2015
"BeamNG.drive","Vehicle simulation",2015
"Black Mesa","First-person shooter",2015
"Call of Duty: Black Ops 3","FPS",2015
"Cities: Skylines","City-building, Simulation",2015
"Emily Wants to Play","Survival horror",2015
"Factorio","RTS",2015
"Fallout 4","RPG",2015
"Final Fantasy IV: The After Years","Role-playing",2015
"Final Fantasy Type 0","Role-playing",2015
"Five Nights at Freddy's 3","Survival horror",2015
"Grand Theft Auto V","Open world, action-adventure",2015
"Heroes of the Storm","MOBA",2015
"Hotline Miami 2: Wrong Number","Action, top-down shooter",2015
"Just Cause 3","Open world, action",2015
"Lightning Returns: Final Fantasy XIII","Role-playing",2015
"Metal Gear Solid V: Ground Zeroes","Action-adventure, stealth",2015
"Metal Gear Solid V: The Phantom Pain","Action-adventure, stealth",2015
"Minecraft: Story Mode","Graphic adventure",2015
"Mortal Kombat X","Fighting",2015
"Ori and the Blind Forest","Platform",2015
"Pillars of Eternity","Role-playing",2015
"Prison Architect","Construction and management simulation",2015
"Resident Evil: Revelations 2","Action, survival horror",2015
"Ride","Racing game",2015
"Rocket League","Vehicular Soccer",2015
"StarCraft II: Legacy of the Void","RTS",2015
"Tom Clancy’s Rainbow Six Siege","First-person shooter",2015
"Undertale","RPG",2015
"White Night","Survival horror, noir",2015
"The Witcher 3: Wild Hunt","Action role-playing",2015
"Thief","Stealth",2014
"Lovely Planet","First-person shooter, indie",2014
"Roundabout","Open-world driving game",2014
"Ryse: Son of Rome","Action-adventure, hack and slash",2014
"Might & Magic X: Legacy","RPG, action RPG",2014
"The Binding of Isaac","Roguelike",2014
"Scrolls","Tactical CCG",2014
"Luftrausers","Shoot 'em Up",2014
"Dragon Age: Inquisition","Role-playing",2014
"Smite","MOBA",2014
"Borderlands: The Pre-Sequel!","Action role-playing, first-person shooter",2014
"MouseCraft","Puzzle",2014
"A City Sleeps","Action, Shoot 'em up",2014
"Goat Simulator","Nonlinear, sandbox physics",2014
"Yury","Action",2014
"Hearthstone","Digital collectible card game",2014
"Age of Wonders III","Turn-based strategy",2014
"Astebreed","Shoot em up",2014
"NBA 2K15","Sports",2014
"Five Nights at Freddy's 2","Survival horror",2014
"Xenonauts","Turn-based tactics",2014
"Five Nights at Freddy's","Survival horror",2014
"Banished","City building, strategy",2014
"Firefall","MMOFPS",2014
"World of Warcraft: Warlords of Draenor","Online role-playing game",2014
"Lara Croft and the Temple of Osiris","Action-adventure",2014
"Final Fantasy XIV","MMORPG",2014
"Insurgency","First-person shooter",2014
"Final Fantasy XIII-2","Role-playing",2014
"Final Fantasy XIII","Role-playing",2014
"Assassin's Creed Unity","Action-adventure",2014
"WildStar","MMORPG",2014
"Wasteland 2","RPG",2014
"Final Fantasy IV","Role-playing",2014
"Wargame: Red Dragon","Real-time tactics",2014
"Lego Batman 3: Beyond Gotham","Action-adventure",2014
"Metal Gear Rising: Revengeance","Action, hack and slash",2014
"Final Fantasy III","Role-playing",2014
"BattleBlock Theater","Platformer",2014
"Unreal Tournament 4","First-person shooter",2014
"Far Cry 4","First-person shooter, Action-adventure",2014
"Tropico 5","Construction and management simulation, City-building game",2014
"Planetary Annihilation","RTS",2014
"Transistor","Action RPG",2014
"Contagion","First-person shooter",2014
"Pokemon Planet","MMORPG",2014
"A Bird Story","Adventure, RPG",2014
"Assassin's Creed Rogue","Action-adventure",2014
"Hatoful Boyfriend: A School of Hope and White Wings","Visual novel, dating simulation, otome game, nakige",2014
"Retrobooster","Action, arcade, multidirectional shooter",2014
"The Elder Scrolls Online","MMORPG",2014
"Middle-earth: Shadow of Mordor","Action-adventure",2014
"Dark Souls II","Action role-playing",2014
"Robot Roller-Derby Disco Dodgeball","First-person shooter",2014
"Blade Symphony","Action",2014
"The Binding of Isaac: Rebirth","Roguelike",2014
"Mechwarrior Online","Vehicular combat, action",2013
"Fez","Puzzle-platform",2013
"Cities in Motion 2","Business simulation",2013
"Asphalt 8: Airborne","Racing, simulation",2013
"Tom Clancy's Splinter Cell: Blacklist","Action-adventure, stealth",2013
"Batman: Arkham Origins","Action, adventure",2013
"Far Cry 3: Blood Dragon","First-person shooter",2013
"No More Room in Hell","Survival horror",2013
"Epic Battle Fantasy 4","Role-playing",2013
"Civilization V: Brave New World","Turn-based strategy",2013
"Air Conflicts: Vietnam","Flight simulation",2013
"Company of Heroes 2","RTS",2013
"World of Warplanes","Action, MMO",2013
"Battlefield 4","First-person shooter",2013
"DayZ","Open-world, first-person shooter, RPG",2013
"Rust","Open world",2013
"Crysis 3","First-person shooter",2013
"Saints Row IV","Action-adventure, open world",2013
"Dead Space 3","Action-adventure, survival horror, third-person shooter",2013
"Assassin's Creed IV: Black Flag","Action-adventure",2013
"Antichamber","Puzzle platformer",2013
"Outlast","Action",2013
"Tomb Raider (2013)","Action-adventure",2013
"ShootMania Storm","First-person shooter",2013
"State of Decay","Stealth, survival horror, RPG, third-person shooter, simulation",2013
"Starsector","4X, strategy, action RPG",2013
"StarDrive","4X, strategy",2013
"SimCity","City-building",2013
"StarCraft II: Heart of the Swarm","RTS",2013
"The Sims 3: Into the Future","Life simulation",2013
"The Sims 3: Island Paradise","Life simulation",2013
"Papers, Please","Puzzle, simulation",2013
"Democracy 3","Government simulation",2013
"The Stanley Parable","Interactive fiction",2013
"Dota 2","MOBA",2013
"Audiosurf 2","Music, indie",2013
"The Sims 3: University Life","Life simulation",2013
"Project Zomboid","Role-playing, survival horror",2013
"Space Engineers","Sandbox, simulation",2013
"Path of Exile","Action RPG",2013
"Monaco: What's Yours Is Mine","Action, stealth",2013
"Rayman Legends","Platformer",2013
"Bridge Project","Simulation",2013
"Gone Home","Adventure, interactive fiction, point and click",2013
"Grid 2","Racing, arcade",2013
"BioShock Infinite","First-person shooter",2013
"Amnesia: A Machine for Pigs","Horror game",2013
"Kentucky Route Zero","Adventure",2013
"Wargame: AirLand Battle","Real-time tactics",2013
"Europa Universalis IV","Grand strategy",2013
"Garry's Mod","Nonlinear, sandbox physics",2013
"Ace Combat: Assault Horizon","Combat flight simulator",2013
"NBA 2K14","Sports",2013
"Total War: Rome II","RTS",2013
"The Forest","Survival horror",2013
"Metro: Last Light","Post-apocalyptic, FPS",2013
"Call of Duty: Ghosts","Action, FPS",2013
"Assetto Corsa","Racing, simulation",2013
"ARMA 3","Tactical shooter, military simulation, open world",2013
"Age of Empires II: The Forgotten","Real-time Strategy (RTS) expansion pack",2013
"Call of Duty Online","Action, FPS",2013
"Gunpoint","Action, adventure, puzzle platformer",2013
"Age of Empires II: HD Edition","Real-time Strategy (RTS)",2013
"Nether: Resurrected","Survival Horror, Open World, Action",2013
"Payday 2","First-person shooter",2013
"Redshirt","Simulation game",2013
"XCOM: Enemy Within","Turn-based tactics",2013
"Resident Evil 6","Action-adventure, third-person shooter",2012
"Katawa Shoujo","Visual novel, dating sim",2012
"Hitman: Absolution","Action-adventure, stealth",2012
"Hotline Miami","Action, top-down shooter",2012
"Blades of Time","Hack and slash, platformer, action-adventure",2012
"Borderlands 2","Action role-playing, first-person shooter",2012
"Zombie Driver","Vehicular combat",2012
"Absolute Force Online","First-person shooter, third-person shooter",2012
"Call of Duty: Black Ops 2","Action, FPS",2012
"Ace of Spades","First-person shooter",2012
"Chivalry: Medieval Warfare","Action, first-person slasher",2012
"XCOM: Enemy Unknown","Turn-based tactics, tactical role-playing",2012
"World of Warcraft: Mists of Pandaria","Online role-playing game",2012
"Civilization V: Gods & Kings","Turn-based strategy",2012
"Wargame: European Escalation","Real-time tactics",2012
"War of the Roses","Action role-playing",2012
"Tribes: Ascend","First-person shooter",2012
"Counter-Strike: Global Offensive","First-person shooter",2012
"007 Legends","First-person shooter",2012
"Crusader Kings II","Grand strategy",2012
"Torchlight II","Action RPG, hack and slash",2012
"Dark Souls","Action role-playing",2012
"Darksiders 2","Hack and slash, platformer",2012
"Thomas Was Alone","Puzzle-platformer",2012
"Deadlight","Cinematic platformer, survival horror, sidescroller",2012
"Dear Esther","Art",2012
"Stronghold Kingdoms","RTS",2012
"Assassin's Creed III","Action-adventure",2012
"Diablo III","Action role-playing, hack and slash",2012
"Sleeping Dogs","Action-adventure",2012
"The Sims 3: Supernatural","Life simulation",2012
"The Sims 3: Showtime","Life simulation",2012
"The Sims 3: Seasons","Life simulation",2012
"Dragon Quest X","RPG",2012
"Dragon's Dogma","Action role-playing, hack and slash",2012
"DRAMAtical Murder","BL game, visual novel",2012
"The Secret World","MMORPG",2012
"Resident Evil: Revelations","Action, survival horror",2012
"Resident Evil: Operation Raccoon City","Action-adventure, third-person shooter",2012
"Endless Space","4X",2012
"Euro Truck Simulator 2","Simulator",2012
"FTL: Faster Than Light","Indie, simulation, strategy",2012
"Rayman Origins","Platformer",2012
"PlanetSide 2","MMOFPS",2012
"Far Cry 3","First-person shooter",2012
"Orcs Must Die 2","Action, Tower Defense",2012
"NBA 2K13","Sports",2012
"Game Dev Tycoon","Casual, indie, simulation, strategy",2012
"Natural Selection 2","First-person shooter, RTS",2012
"Growtopia","MMO",2012
"Medal of Honor: Warfighter","First-person shooter",2012
"Guild Wars 2","MMORPG",2012
"Mass Effect 3","RPG, action, science fiction",2012
"Lego Batman 2: DC Super Heroes","Action-adventure",2012
"King Arthur II: The Role-Playing Wargame","Turn-based strategy, real-time tactics",2012
"Kingdoms of Amalur: Reckoning","Action role-playing, hack and slash",2012
"The Elder Scrolls V: Skyrim","Action role-playing",2011
"The Sims 3: Generations","Life simulation",2011
"Billy the Wizard: Rocket Broomstick Racing","Racing, platform",2011
"Voxatron","Action-adventure",2011
"Acceleration of Suguri X Edition","Fighting",2011
"Payday: The Heist","First-person shooter",2011
"NBA 2K12","Sports",2011
"Achron","Real-time strategy",2011
"Battlefield Play4Free","First-person shooter",2011
"World of Tanks","Action, MMO",2011
"FlatOut 3: Chaos & Destruction","Racing, arcade",2011
"Anomaly: Warzone Earth","Reverse Tower Defense",2011
"Anno 2070","City-building game",2011
"Kerbal Space Program","Sandbox",2011
"Battlefield 3","First-person shooter",2011
"Star Wars: The Old Republic","MMORPG",2011
"The Cursed Crusade","Action-adventure",2011
"L.A. Noire","Action-adventure",2011
"Call of Duty: Modern Warfare 3","Action, FPS",2011
"Cities in Motion","Business simulation",2011
"Stronghold 3","RTS",2011
"Jurassic Park: The Game","Graphic adventure",2011
"Dragon Age II","Role-playing",2011
"Air Conflicts: Secret Wars","Flight simulation",2011
"Dirt 3","Racing, arcade",2011
"Super Meat Boy","Platformer",2011
"Dino D-Day","Action, indie",2011
"Batman: Arkham City","Action, adventure",2011
"Dungeons of Dredmor","Roguelike, indie",2011
"Crysis 2","First-person shooter",2011
"A Day in the Woods","Puzzle",2011
"Dead Space 2","Survival horror, third-person shooter",2011
"Deus Ex: Human Revolution","Action role-playing",2011
"Magicka","Fantasy, action-adventure",2011
"Red Orchestra 2: Heroes of Stalingrad","Tactical shooter, first-person shooter",2011
"SpaceChem","Puzzle",2011
"Total War: Shogun 2","RTS",2011
"Saints Row: The Third","Action-adventure, open world",2011
"Driver: San Francisco","Action-adventure, racing",2011
"TrackMania 2: Canyon","Racing",2011
"Rage","First-person shooter, action-adventure, vehicular combat, racing",2011
"Assassin's Creed: Revelations","Action-adventure",2011
"A Game of Thrones: Genesis","Strategy",2011
"Postal III","Third-person shooter",2011
"Minecraft","Sandbox",2011
"Portal 2","Puzzle-platform game",2011
"Pokémon TCG Online","Digital collectible card game",2011
"Dungeon Defenders","Tower defense, action RPG",2011
"Dead Island","Zombies, survival",2011
"Terraria","Action-adventure, survival",2011
"Mortal Kombat (2011)","Fighting",2011
"Mount & Blade: With Fire & Sword","Action RPG, strategy",2011
"Bastion","Action, role-playing",2011
"Arcania: Fall of Setarrif","Action role-playing",2011
"Tropico 4","Construction and management simulation, City-building game",2011
"7554","First-person shooter",2011
"Universe Sandbox","Casual, simulation, indie",2011
"Sengoku","Grand strategy",2011
"StarCraft II: Wings of Liberty","RTS",2010
"The Settlers 7: Paths to a Kingdom","City-building game, Real-Time Strategy",2010
"Medal of Honor","First-person shooter",2010
"0 A.D.","RTS",2010
"Tom Clancy's Splinter Cell: Conviction","Action-adventure, stealth",2010
"Heroes of Newerth","MOBA",2010
"Just Cause 2","Open world, action",2010
"Epic Battle Fantasy 3","Role-playing",2010
"Mass Effect 2","RPG, action, science fiction",2010
"Recettear: An Item Shop's Tale","RPG",2010
"M.U.D. TV","Business simulation",2010
"Transformice","Massively multiplayer online, Platform",2010
"Alan Wake","Survival horror",2010
"Fallout: New Vegas","RPG",2010
"Command & Conquer 4: Tiberian Twilight","RTS",2010
"Achtung Panzer: Kharkov 1943","Real-time strategy, Wargame",2010
"Victoria II","Grand strategy",2010
"AssaultCube Reloaded (ACR)","First-person shooter, third-person shooter",2010
"Civilization V","Turn-based strategy",2010
"World of Warcraft: Cataclysm","Online role-playing game",2010
"Castlevania: Lords of Shadow","Action-adventure, hack and slash",2010
"CarneyVale: Showtime","Platformer",2010
"Call of Duty: Black Ops","Action, FPS",2010
"Alien Swarm","Shoot-em-up",2010
"NBA 2K11","Sports",2010
"Napoleon: Total War","Turn-based strategy",2010
"Arcania: Gothic 4","Action role-playing",2010
"Amnesia: The Dark Descent","Horror game",2010
"Mount & Blade: Warband","Action RPG, strategy",2010
"Grand Theft Auto IV: The Lost and Damned","Open world, action-adventure",2010
"Grand Theft Auto: The Ballad of Gay Tony","Open world, action-adventure",2010
"A.R.E.S.: Extinction Agenda","Action, platform",2010
"BioShock 2","First-person shooter",2010
"Metro 2033","Post-apocalyptic, FPS",2010
"Lara Croft and the Guardian of Light","Action-adventure",2010
"Assassin's Creed: Brotherhood","Action-adventure",2010
"S.T.A.L.K.E.R.: Call of Pripyat","First-person shooter",2010
"Dragon Age: Origins – Awakening","Role-playing",2010
"The Sims 3: Late Night","Life simulation",2010
"Star Trek Online","MMORPG",2010
"Silent Hunter 5: Battle of the Atlantic","Submarine simulator",2010
"Age of Pirates 2: City of Abandoned Ships","Role-playing video game",2009
"Battleforge","RTS",2009
"ARMA 2","Tactical shooter, military simulation, open world",2009
"Actua Soccer","Soccer",2009
"Hearts of Iron III","Grand strategy",2009
"Torchlight","Action RPG, hack and slash",2009
"4x4 Hummer","Racing",2009
"Delta Force: Xtreme 2","First-person shooter",2009
"Tropico 3","Construction and management simulation, City-building game",2009
"Braid","Puzzle, platform",2009
"A Fairy Tale","Matching",2009
"Borderlands","Action role-playing, first-person shooter",2009
"Dragon Age: Origins","Role-playing",2009
"Damnation","Third-person shooter",2009
"PP: Pianissimo","Mystery",2009
"King Arthur: The Role-Playing Wargame","Turn-based strategy, real-time tactics",2009
"Train Simulator","Simulation",2009
"Adam's Venture","Adventure",2009
"Cryostasis: Sleep of Reason","Survival horror",2009
"Batman: Arkham Asylum","Action, adventure",2009
"Epic Battle Fantasy 2","Role-playing",2009
"Epic Battle Fantasy","Role-playing",2009
"Resident Evil 5","Action-adventure, third-person shooter",2009
"Neverwinter Nights 2: Mysteries of Westgate","RPG",2009
"Cities XL","City-building game, massively multiplayer online game",2009
"Empire: Total War","RTS",2009
"Spore Galactic Adventures","Life simulation",2009
"Battlefield Heroes","First-person shooter",2009
"Age of Booty","Real-time Strategy (RTS)",2009
"Order of War","Strategy",2009
"Call of Duty: Modern Warfare 2","Action, FPS",2009
"For the Glory: A Europa Universalis Game","Grand strategy",2009
"World in Conflict: Soviet Assault","Real-time tactics",2009
"The Sims 3","Life simulation",2009
"Assassin’s Creed II","Action-adventure",2009
"Warhammer 40,000: Dawn of War II","Real-time tactics",2009
"Saints Row 2","Action-adventure, open world",2009
"NBA 2K10","Sports",2009
"League of Legends","MOBA",2009
"Colin McRae: Dirt 2","Racing game",2009
"Burnout Paradise: The Ultimate Box","Racing",2009
"Zuma's Revenge!","Puzzle",2009
"AaAaAA!!! – A Reckless Disregard for Gravity","Simulation",2009
"Killing Floor","First-person shooter",2009
"Fallout 3","RPG",2008
"Audiosurf","Music, indie",2008
"Brothers in Arms: Hell's Highway","First-person shooter",2008
"007: Quantum of Solace","First-person shooter",2008
"Call of Duty: World at War","Action, FPS",2008
"Classic British Motor Racing","Racing",2008
"The Club","Third-person shooter",2008
"Command & Conquer: Red Alert 3","RTS",2008
"Counter-Strike Online","First-person shooter",2008
"Crysis Warhead","First-person shooter",2008
"Dead Space","Survival horror, third-person shooter",2008
"Digital Combat Simulator","Flight simulator",2008
"Euro Truck Simulator","Simulator",2008
"Far Cry 2","First-person shooter",2008
"Gothic 3: Forsaken Gods","Action role-playing",2008
"Grand Theft Auto IV","Open world, action-adventure",2008
"GTR Evolution","Racing",2008
"Aion","Massively multiplayer online role-playing game",2008
"Ai Space","MMOSG, Virtual world",2008
"Lego Batman: The Videogame","Action-adventure",2008
"Mirror's Edge","First-person action-adventure, platform",2008
"Mount & Blade","Action RPG",2008
"NBA 2K9","Sports",2008
"Neverwinter Nights 2: Storm of Zehir","RPG",2008
"4Story","MMORPG",2008
"Age of Conan","MMORPG",2008
"Overgrowth","Action",2008
"Penumbra: Black Plague","Survival horror",2008
"Penumbra: Requiem","Survival horror",2008
"5","Eroge, visual novel",2008
"The Settlers: Awakening of Cultures","City-building game, Real-Time Strategy",2008
"The Sims 2: Apartment Life","Life simulation",2008
"The Sims 2: FreeTime","Life simulation",2008
"Sins of a Solar Empire","RTS",2008
"Spore","Life simulation",2008
"S.T.A.L.K.E.R.: Clear Sky","First-person shooter",2008
"Stronghold: Crusader Extreme","RTS",2008
"Tomb Raider: Underworld","Action-adventure",2008
"TrackMania Forever","Racing",2008
"TrackMania Nations Forever","Racing",2008
"Aces of the Galaxy","Rail shooter",2008
"World of Goo","Puzzle",2008
"World of Warcraft: Wrath of the Lich King","Online role-playing game",2008
"X3: Terran Conflict","Space simulation",2008
"ZoMGman! 2","Co-op Battle Arena",2008
"Unreal Tournament 3","First-person shooter",2007
"Alpha Prime","First-person shooter",2007
"Fiesta Online","MMORPG",2007
"Poptropica","Virtual World",2007
"ZoMGman! Battle Arena","Co-op Battle Arena",2007
"Empire Earth III","RTS",2007
"The Ship","First-person shooter",2007
"Penumbra: Overture","Survival horror",2007
"Half-Life 2: Episode Two","First-person shooter",2007
"Portal","Puzzle-platform game",2007
"Age of Chivalry","Action",2007
"Silent Hunter 4: Wolves of the Pacific","Submarine simulator",2007
"Fistful of Frags","First-person shooter",2007
"Crysis","First-person shooter",2007
"AGEOD's American Civil War","Turn-based strategy",2007
"Tomb Raider: Anniversary","Action-adventure",2007
"Neverwinter Nights 2: Mask of the Betrayer","RPG",2007
"Assassin's Creed","Action-adventure",2007
"SimCity Societies","City-building",2007
"Juiced 2: Hot Import Nights","Racing",2007
"The Sims 2: Bon Voyage","Life simulation",2007
"The Lord of the Rings Online","MMORPG",2007
"The Sims 2: Seasons","Life simulation",2007
"FlatOut: Ultimate Carnage","Racing, arcade",2007
"Team Fortress 2","First-person shooter",2007
"S.T.A.L.K.E.R.: Shadow of Chernobyl","First-person shooter",2007
"Surf's Up","Sports",2007
"Supreme Commander","RTS",2007
"3DiTeams","Serious game",2007
"BioShock","First-person shooter",2007
"Call of Duty 4: Modern Warfare","Action, FPS",2007
"Rock 'n' Roll Adventures","Platform",2007
"Agatha Christie: Evil Under the Sun","Adventure",2007
"The Settlers: Rise of an Empire","City-building game, Real-Time Strategy",2007
"World of Warcraft: The Burning Crusade","Online role-playing game",2007
"osu!","Rhythm, music",2007
"Halo 2","First-person shooter",2007
"Age of Empires III: The Asian Dynasties","Real-time Strategy (RTS)",2007
"Zoo Tycoon 2: Extinct Animals","Business simulation",2007
"1914 Shells of Fury","Simulation",2007
"World in Conflict","Real-time tactics",2007
"The Witcher","Action role-playing",2007
"Colin McRae: Dirt","Racing game",2007
"Europa Universalis III","Grand strategy",2007
"Jade Empire","Action role-playing",2007
"Mass Effect","RPG, Action, science fiction",2007
"Command & Conquer 3: Tiberium Wars","RTS",2007
"Guitar Hero III: Legends of Rock","Music, Rhythm",2007
"Sid Meier's Railroads!","Business simulation",2006
"Out of the Park Baseball","Sports",2006
"18 Wheels of Steel: Haulin'","Vehicle simulation",2006
"ARMA: Armed Assault","Tactical shooter, military simulation, open world",2006
"ParaWorld","Real-time strategy",2006
"Zoo Tycoon 2: Marine Mania","Business simulation",2006
"Hard Truck Apocalypse","Vehicular combat",2006
"Zoo Tycoon 2: Dino Danger Pack","Business simulation",2006
"Zoo Tycoon 2: African Adventure","Business simulation",2006
"Age of Pirates: Caribbean Tales","Role-playing video game",2006
"Half-Life 2: Episode One","First-person shooter",2006
"Just Cause","Open world, action",2006
"Ace Online","MMO, 3D Space Shooter",2006
"Age of Empires III: The WarChiefs","Real-time Strategy (RTS)",2006
"London Taxi: Rush Hour","Driving",2006
"AssaultCube (AC)","First-person shooter",2006
"Half-Life Deathmatch: Source","First-person shooter",2006
"Vivisector: Beast Within","First-person shooter, survival horror",2006
"ÜberSoldier","First-person shooter",2006
"Commandos: Strike Force","RTS",2006
"Company of Heroes","RTS",2006
"Guild Wars Nightfall","CORPG",2006
"Guild Wars Factions","CORPG",2006
"Medieval II: Total War","Turn-based strategy",2006
"Cossacks II: Battle for Europe","RTS",2006
"TrackMania United","Racing",2006
"TrackMania Nations ESWC","Racing",2006
"Tomb Raider: Legend","Action-adventure",2006
"Tom Clancy's Splinter Cell: Double Agent","Stealth",2006
"Titan Quest","RPG",2006
"Stronghold Legends","RTS",2006
"Defcon","RTS",2006
"Act of War: High Treason","Real-time Strategy (RTS)",2006
"Gothic 3","Action role-playing",2006
"Myth Makers: Super Kart GP","Racing video game",2006
"Star Wars Galaxies","MMORPG",2006
"Star Wars: Empire At War","Real-time strategy",2006
"Desperados 2: Cooper's Revenge","Real-time tactics",2006
"Driver: Parallel Lines","Racing, third-person shooter, action-adventure",2006
"FlatOut 2","Racing, arcade",2006
"The Sims 2: Open for Business","Life simulation",2006
"Battlefield 2142","First-person shooter",2006
"Hitman: Blood Money","Action-adventure, stealth",2006
"NBA Live 07","Sports",2006
"Air Assault Task Force","Wargame",2006
"The Settlers II (10th Anniversary)","City-building game, Real-Time Strategy",2006
"Dungeons & Dragons Online","MMORPG",2006
"Dwarf Fortress","Construction and management simulation, Roguelike",2006
"Rome: Total War: Alexander","Turn-based strategy",2006
"Roblox","Sandbox",2006
"The Elder Scrolls IV: Oblivion","Action role-playing",2006
"Rise of Nations: Rise of Legends","Real-time strategy",2006
"Neverwinter Nights 2","RPG",2006
"Red Orchestra: Ostfront 41-45","Tactical shooter, first-person shooter",2006
"Anno 1701","City-building game",2006
"Agatha Christie: Murder on the Orient Express","Adventure",2006
"Empire Earth II","RTS",2005
"Tom Clancy's Splinter Cell: Chaos Theory","Stealth",2005
"TrackMania Sunrise","Racing",2005
"Silent Hunter III","Submarine simulator",2005
"Constantine","Action-adventure, third-person shooter",2005
"Half-Life 2: Lost Coast","First-person shooter",2005
"NBA Live 06","Sports",2005
"Resident Evil 4","Survival horror",2005
"Guild Wars","CORPG",2005
"Zoo Tycoon 2: Endangered Species","Business simulation",2005
"Battlefield 2","First-person shooter",2005
"Civilization IV","Turn-based strategy",2005
"Agatha Christie: And Then There Were None","Adventure",2005
"Brothers in Arms: Road to Hill 30","First-person shooter",2005
"Quake 4","First-person shooter",2005
"Rome: Total War: Barbarian Invasion","Turn-based strategy",2005
"Ninjabread Man","Platformer",2005
"Act of War: Direct Action","Real-time Strategy (RTS)",2005
"Age of Empires III","Real-time Strategy (RTS)",2005
"Stronghold 2","RTS",2005
"Street Racing Syndicate'","Racing",2005
"Lego Star Wars: The Video Game","Action-adventure",2005
"_summer","Visual novel",2005
"MVP Baseball 2005","Sports",2005
"Star Wars: Republic Commando","Tactical shooter, first-person shooter",2005
"Brothers in Arms: Earned in Blood","First-person shooter",2005
"Myth Makers: Trixie in Toyland","Platformer",2005
"Star Wars: Knights of the Old Republic II – The Sith Lords","RPG",2005
"Anubis II","Action",2005
"Advent Rising","Action-adventure, third-person shooter",2005
"Delta Force: Xtreme","First-person shooter",2005
"SWAT 4","First-person shooter, tactical shooter",2005
"Playboy: The Mansion","Business simulation game",2005
"Call of Duty 2","Action, FPS",2005
"Grand Theft Auto: San Andreas","Open world, action-adventure",2005
"Call of Cthulhu: Dark Corners of the Earth","Survival horror, first-person shooter",2005
"The Sims 2: University","Life simulation",2005
"Day of Defeat: Source","First-person shooter",2005
"Hearts of Iron II","Grand strategy",2005
"The Sims 2: Nightlife","Life simulation",2005
"The Matrix Online","Massively multiplayer online role-playing game",2005
"Call of Duty: United Offensive","Action, FPS",2004
"kkrieger","First-person shooter",2004
"Half-Life 2: Deathmatch","First-person shooter",2004
"Half-Life: Source","First-person shooter",2004
"Half-Life 2","First-person shooter",2004
"Ground Control II: Operation Exodus","Real-time tactics",2004
"NBA Live 2005","Sports",2004
"FlatOut","Racing, arcade",2004
"Neighbours from Hell 2: On Vacation","Puzzle",2004
"Beyond Divinity","RPG",2004
"Far Cry","First-person shooter",2004
"Planetarian: The Reverie of a Little Planet","Visual novel",2004
"Prince of Persia: Warrior Within","Action-adventure, platform, hack and slash",2004
"Richard Burns Rally","Racing game",2004
"Rise of Nations: Thrones and Patriots","Real-time strategy",2004
"RollerCoaster Tycoon 3","Simulation game",2004
"Rome: Total War","Turn-based strategy",2004
"Sacred","Action RPG",2004
"Scrapland","Action-adventure",2004
"The Settlers: Heritage of Kings","City-building game, Real-Time Strategy",2004
"Silkroad Online","MMORPG",2004
"The Sims 2","Life simulation",2004
"Driver 3","Racing, shooter",2004
"Doom 3","Survival horror, First-person shooter",2004
"Dofus","MMORPG",2004
"Delta Force: Black Hawk Down: Team Sabre","First-person shooter",2004
"The Punisher (2005 video game)","Action, third-person shooter",2004
"Thief: Deadly Shadows","Stealth",2004
"Tom Clancy's Splinter Cell: Pandora Tomorrow","Stealth",2004
"Crusader Kings","Grand strategy",2004
"Counter-Strike: Source","First-person shooter",2004
"Counter-Strike: Condition Zero","First-person shooter",2004
"Tribes: Vengeance","First-person shooter",2004
"Unreal Tournament 2004","First-person shooter",2004
"Vampire: The Masquerade – Bloodlines","Action role-playing",2004
"Colin McRae Rally 2005","Racing game",2004
"Colin McRae Rally 04","Racing game",2004
"World of Warcraft","Online role-playing game",2004
"Zoo Tycoon 2","Business simulation",2004
"Hitman: Contracts","Action-adventure, stealth",2004
"Neighbours from Hell","Puzzle",2003
"NBA Live 2004","Sports",2003
"Deus Ex: Invisible War","Action role-playing",2003
"Space Station 13","MMORPG",2003
"Postal 2","First-person shooter",2003
"Age of Wonders: Shadow Magic","Turn-based strategy",2003
"Rayman 3: Hoodlum Havoc","Platformer",2003
"Tomb Raider: The Angel of Darkness","Action-adventure",2003
"After...","Visual novel",2003
"Metal Gear Solid 2: Substance","Action-adventure, stealth",2003
"Judge Dredd: Dredd vs. Death","First-person shooter",2003
"The Sims: Makin' Magic","Life simulation",2003
"Command & Conquer: Generals","RTS",2003
"The Sims: Superstar","Life simulation",2003
"Homeworld 2","Real-time strategy",2003
"Eve Online","Space flight simulator game, MMORPG",2003
"Victoria: An Empire Under The Sun","Grand strategy",2003
"Tropico 2: Pirate Cove","Construction and management simulation",2003
"Commandos 3: Destination Berlin","RTS",2003
"Blitzkrieg","Real-time tactics",2003
"Unreal II: The Awakening","First-person shooter",2003
"Max Payne 2: The Fall of Max Payne","Third-person shooter",2003
"I.G.I.-2: Covert Strike","Stealth",2003
"Anno 1503","City-building game",2003
"Railroad Tycoon 3","Business simulation",2003
"Prince of Persia: The Sands of Time","Action-adventure, puzzle-platformer, hack and slash",2003
"Halo: Combat Evolved","First-person shooter",2003
"Beyond Good & Evil","Action-adventure",2003
"Big Rigs: Over the Road Racing","Racing Game",2003
"Neverwinter Nights: Shadows of Undrentide","Role-playing",2003
"Enclave","Action",2003
"Neverwinter Nights: Hordes of the Underdark","Role-playing",2003
"Star Wars: Knights of the Old Republic","RPG",2003
"PlanetSide","MMOFPS",2003
"Battlefield 1942: Secret Weapons of WWII","First-person shooter",2003
"Call of Duty","Action, FPS",2003
"SimCity 4","City-building",2003
"Freelancer","Space trading and combat simulator",2003
"Grand Theft Auto: Vice City","Open world, action-adventure",2003
"Battlefield 1942: The Road to Rome","First-person shooter",2003
"The Adventures of Fatman","Point-and-click adventure",2003
"Rise of Nations","Real-time strategy",2003
"Sonic Heroes","platform",2003
"Delta Force: Black Hawk Down","First-person shooter",2003
"XIII","First-person shooter",2003
"AGON","Adventure",2003
"Civilization III: Conquests","Turn-based strategy",2003
"Stronghold: Crusader","RTS",2002
"The Sims: Unleashed","Life simulation",2002
"The Sims: Vacation","Life simulation",2002
"Divine Divinity","RPG",2002
"Battlefield 1942","First-person shooter",2002
"Rayman M/Arena","Party",2002
"Beam Breakers","Futuristic racing",2002
"Nickelodeon Party Blast","Party",2002
"Hearts of Iron","Grand strategy",2002
"Age of Mythology","Real-time Strategy (RTS)",2002
"Hitman 2: Silent Assassin","Action-adventure, stealth",2002
"Ace Lightning","Action-adventure, third-person shooter, platform game",2002
"Neverwinter Nights","Role-playing",2002
"Age of Wonders II: The Wizard's Throne","Turn-based strategy",2002
"Colin McRae Rally 3","Racing game",2002
"RollerCoaster Tycoon 2","Simulation game",2002
"Need for Speed: Underground","Racing",2002
"The Elder Scrolls III: Morrowind","Action role-playing",2002
"Warcraft III: Reign of Chaos","RTS",2002
"Command & Conquer: Renegade","Tactical shooter",2002
"Need for Speed: Hot Pursuit 2","Racing",2002
"Unreal Tournament 2003","First-person shooter",2002
"James Bond 007: Nightfire","First-person shooter",2002
"Medieval: Total War","Turn-based strategy",2002
"MegaRace 3","Racing video game",2002
"Operation Flashpoint: Resistance","Tactical shooter",2002
"Tom Clancy's Splinter Cell","Stealth",2002
"NBA Live 2003","Sports",2002
"Icewind Dale II","RPG",2002
"Grand Theft Auto III","Open world, action-adventure",2002
"Final Fantasy XI","Role-playing",2002
"Activision Anthology","Compilation",2002
"Delta Force: Task Force Dagger","First-person shooter",2002
"Gothic II","Action role-playing",2002
"Frank Herbert's Dune","Adventure",2001
"Half-Life: Blue Shift","First-person shooter",2001
"Europa Universalis II","Grand strategy",2001
"Silent Hunter II","Submarine simulator",2001
"Desperados: Wanted Dead or Alive","Real-time tactics",2001
"NBA Live 2001","Sports",2001
"Civilization III","Turn-based strategy",2001
"Adventure at the Chateau d'Or","Adventure",2001
"The Sims: House Party","Life simulation",2001
"Jurassic Park III: Dino Defender","Side-scrolling, action",2001
"Jurassic Park III: Danger Zone!","Action, adventure",2001
"The Sims: Hot Date","Life simulation",2001
"Baldur's Gate II: Throne of Bhaal","Role-playing Microsoft Windows, macOS",2001
"Deathmatch Classic","First-person shooter",2001
"The Sting!","Strategy, adventure",2001
"Empire Earth","RTS",2001
"Gothic","Action role-playing",2001
"Fallout Tactics: Brotherhood of Steel","TRPG",2001
"Commandos 2: Men of Courage","RTS",2001
"Max Payne","Third-person shooter",2001
"Operation Flashpoint: Cold War Crisis","Tactical shooter",2001
"The Settlers IV","City-building game, Real-Time Strategy",2001
"Emperor: Battle for Dune","Real-time strategy",2001
"Tropico","Construction and management simulation",2001
"Adventure Pinball: Forgotten Island","Pinball",2001
"Tribes 2","First-person shooter",2001
"Z: Steel Soldiers","Real-time strategy",2001
"Zoo Tycoon","Business simulation",2001
"RuneScape","MMORPG",2001
"Stronghold","RTS",2001
"Colin McRae Rally 2.0","Racing game",2000
"Project I.G.I.","Stealth game",2000
"Europa Universalis","Grand strategy",2000
"Ad Verbum","Text Adventure, Interactive Fiction",2000
"Hogs of War","Turn-based tactics, artillery",2000
"Need for Speed: Porsche Unleashed","Racing",2000
"Homeworld: Cataclysm","Real-time strategy",2000
"Shogun: Total War","Turn-based strategy, real-time tactics",2000
"Baldur's Gate II: Shadows of Amn","Role-playing",2000
"The Sims","Life simulation",2000
"Hitman: Codename 47","Action-adventure, stealth",2000
"NBA Inside Drive","Sports",2000
"Battleship: Surface Thunder","Action",2000
"Age of Empires II: The Conquerors","Real-time Strategy (RTS)",2000
"The Sims: Livin' Large","Life simulation",2000
"Diablo II","Action role-playing, hack and slash",2000
"Deus Ex","Action role-playing",2000
"Delta Force: Land Warrior","Tactical shooter, first-person shooter",2000
"Icewind Dale","RPG",2000
"Day of Defeat","First-person shooter",2000
"Thief II: The Metal Age","Stealth",2000
"Ground Control","Real-time tactics",2000
"Tomb Raider: Chronicles","Action-adventure",2000
"MDK2","Third-person shooter, action-adventure",2000
"Tzar","Real-time strategy",2000
"Vampire: The Masquerade – Redemption","Role-playing",2000
"Command & Conquer: Red Alert 2","RTS",2000
"Wizards & Warriors","RPG",2000
"Aces High","Combat flight simulator",2000
"102 Dalmatians: Puppies to the Rescue","Platform",2000
"Heroes of Might and Magic III","Turn-based strategy",1999
"Delta Force 2","Tactical shooter, first-person shooter",1999
"Grand Theft Auto: London 1961","Open world, action-adventure",1999
"Age of Empires II: The Age of Kings","Real-time Strategy (RTS)",1999
"Grand Theft Auto: London 1969","Open world, action-adventure",1999
"Grand Theft Auto 2","Open world, action-adventure",1999
"Quake III Arena","First-person shooter",1999
"SimCity 3000","City-building",1999
"SWAT 3: Close Quarters Battle","First-person shooter, tactical shooter",1999
"Might and Magic VII","RPG, action RPG",1999
"System Shock 2","Action RPG, survival horror",1999
"Team Fortress Classic","First-person shooter",1999
"Driver","Driving, action",1999
"Rayman 2: The Great Escape","Platformer",1999
"Final Fantasy VIII","Role-playing",1999
"Silver","Action RPG",1999
"Darkstone: Evil Reigns","Action RPG",1999
"Outcast","Adventure, Action",1999
"Tomb Raider: The Last Revelation","Action-adventure",1999
"Age of Wonders","Turn-based strategy",1999
"Counter-Strike","First-person shooter",1999
"Commandos: Beyond the Call of Duty","RTS",1999
"Dungeon Keeper 2","RTS, god game, dungeon management game",1999
"Unreal Tournament","First-person shooter",1999
"Lands of Lore III","RPG",1999
"Need for Speed: High Stakes","Racing",1999
"Command & Conquer: Tiberian Sun","RTS",1999
"Resident Evil 3: Nemesis","Survival horror",1999
"Abomination: The Nemesis Project","Action, real-time tactics",1999
"Homeworld","Real-time strategy, real-time tactics, space simulation",1999
"Lego Rock Raiders","Real-time strategy, action",1999
"Baldur's Gate: Tales of the Sword Coast","Role-playing",1999
"RollerCoaster Tycoon","Simulation game",1999
"M.U.G.E.N","Fighting",1999
"Actua Pool","Sports",1999
"Half-Life: Opposing Force","First-person shooter",1999
"Actua Ice Hockey","Sports",1998
"Commandos: Behind Enemy Lines","RTS",1998
"Actua Golf 2","Sports",1998
"Colin McRae Rally","Racing game",1998
"Resident Evil 2","Survival horror",1998
"StarCraft: Brood War","RTS",1998
"Dune 2000","Real-time strategy",1998
"Trespasser","Action-adventure, first-person shooter",1998
"StarCraft","RTS",1998
"Knights and Merchants: The Shattered Kingdom","RTS",1998
"Final Fantasy VII","Role-playing",1998
"Need for Speed III: Hot Pursuit","Racing",1998
"The Settlers III","City-building game, Real-Time Strategy",1998
"Jazz Jackrabbit 2","Side-scrolling shooter, platform",1998
"Might and Magic VI","RPG, action RPG",1998
"M1 Tank Platoon II","Simulation, real-time tactics",1998
"3D Maze Man: Amazing Adventures","Arcade",1998
"Anno 1602","City-building game",1998
"Half-Life","First-person shooter",1998
"Delta Force","Tactical shooter, first-person shooter",1998
"Fallout 2","RPG",1998
"Tomb Raider III","Action-adventure",1998
"The Elder Scrolls Adventures: Redguard","Action role-playing",1998
"Starsiege: Tribes","First-person shooter",1998
"Addiction Pinball","Pinball",1998
"NBA Live 99","Sports",1998
"Metal Gear Solid","Action-adventure, stealth",1998
"Police Quest: SWAT 2","Real-time tactics",1998
"Action Quake 2","First-person shooter",1998
"Age of Empires: The Rise of Rome","Real-time Strategy (RTS)",1998
"Thief: The Dark Project","Stealth",1998
"Baldur's Gate","Role-playing",1998
"Battleground 9: Chickamauga","Turn-based strategy, real-time tactics",1998
"Lineage","MMORPG",1998
"Microsoft Combat Flight Simulator","CFS, Flight Simulation",1998
"Unreal","First-person shooter",1998
"Backyard Baseball","Sports video game",1997
"Fallout","RPG",1997
"Postal","Top-down shooter",1997
"101 Dalmatians: Escape from DeVil Manor","Action, adventure, strategy",1997
"Sonic & Knuckles Collection","platform, compilation",1997
"Age of Empires","Real-time Strategy (RTS)",1997
"Tomb Raider II","Action-adventure",1997
"Quake II","First-person shooter",1997
"Battleground 10: Middle East","Turn-based strategy, real-time tactics",1997
"ABC Sports Indy Racing","Racing",1997
"Total Annihilation","RTS",1997
"Zork: Grand Inquisitor","Adventure",1997
"Need for Speed II","Racing",1997
"Lands of Lore: Guardians of Destiny","RPG",1997
"MDK","Third-person shooter",1997
"Dungeon Keeper","RTS, god game, dungeon management game",1997
"Chaos Island: The Lost World","Real-time strategy",1997
"Battleground 7: Bull Run","Turn-based strategy, real-time tactics",1997
"688(I) Hunter/Killer","Submarine simulator",1997
"Battleground 6: Napoleon in Russia","Turn-based strategy, real-time tactics",1997
"A Fork in the Tale","Adventure",1997
"Battleground 8: Prelude to Waterloo","Turn-based strategy, real-time tactics",1997
"Grand Theft Auto","Open world, action-adventure",1997
"7th Legion","RTS",1997
"An Elder Scrolls Legend: Battlespire","Action role-playing",1997
"NBA Jam Extreme","Sports",1997
"Battleground 11: East Front","Turn-based strategy, real-time tactics",1997
"Achtung Spitfire!","Strategy, Computer wargaming",1997
"Beasts and Bumpkins","Real-time simulation",1997
"Tanarus","First-person shooter",1997
"The Neverhood","Point-and-click adventure game",1996
"Silent Hunter","Submarine simulator",1996
"Heroes of Might and Magic II","Turn-based strategy",1996
"Dark Sun Online: Crimson Sands","RPG, fantasy",1996
"Diablo","Action role-playing, hack and slash",1996
"Battleground 5: Antietam","Turn-based strategy, real-time tactics",1996
"A.D.A.M. Life's Greatest Mysteries","Educational",1996
"Tomb Raider","Action-adventure",1996
"Quake","First-person shooter",1996
"The Adventures of Lomax","2D platformer",1996
"Z","Real-time strategy",1996
"NBA Hangtime","Sports",1996
"A.D. 2044","Adventure",1996
"The Settlers II","City-building game, Real-Time Strategy",1996
"Rayman","Platformer",1996
"Command & Conquer: Red Alert","RTS",1996
"Resident Evil","Survival horror",1996
"Harvester","Adventure",1996
"AD&D Masterpiece Collection","Role-playing video game",1996
"A-10 Cuba!","Flight simulator",1996
"MegaRace 2","Racing video game",1996
"Battleground 3: Waterloo","Turn-based strategy, real-time tactics",1996
"Fragile Allegiance","4X, real-time strategy",1996
"The Elder Scrolls II: Daggerfall","Action role-playing",1996
"Adidas Power Soccer","Sports",1996
"9: The Last Resort","Adventure game",1996
"ABC Sports Monday Night Football","Sports",1996
"Afterlife","God game",1996
"Ace Ventura: The CD-Rom Game","Graphic Adventure (Point-and-click)",1996
"Battleground 4: Shiloh","Turn-based strategy, real-time tactics",1996
"Heroes of Might and Magic: A Strategic Quest","Turn-based strategy",1995
"Daryl F. Gates' Police Quest: SWAT","Interactive movie, simulation, action-adventure",1995
"Dark Sun: Wake of the Ravager","RPG, fantasy",1995
"Battleground 2: Gettysburg","Turn-based strategy, real-time tactics",1995
"Acrophobia (game)","Word",1995
"True Love","Visual novel",1995
"Command & Conquer","RTS",1995
"1830: Railroads & Robber Barons","RTS",1995
"X-Plane","Flight simulator",1995
"A to Zap! Featuring the Sunbuddies","Educational",1995
"A Passion for Art: Renoir, Cezanne, Matisse, and Dr. Barnes","Fine Art",1995
"A.D.A.M. The Inside Story","Educational",1995
"Africa Trail","Adventure, Educational, Simulation, Sports",1995
"Battles in Time","Strategy",1995
"Doom II: Hell on Earth","First-person shooter",1994
"Xargon","Platform",1994
"Star Wars: TIE Fighter","Flight simulation",1994
"Warcraft: Orcs & Humans","RTS",1994
"The Elder Scrolls: Arena","Action role-playing",1994
"1942: The Pacific Air War","Flight simulator",1994
"System Shock","Action-adventure, RPG",1994
"AstroFire","Shoot em up",1994
"Jazz Jackrabbit","Side-scrolling shooter, platform",1994
"Transport Tycoon","Business simulation game",1994
"Need for Speed","Racing",1994
"SimCity 2000","City-building",1994
"Myst","Adventure",1994
"The Settlers","City-building game, Real-Time Strategy",1993
"Jurassic Park","Action",1993
"Star Wars: X-Wing","Flight simulation",1993
"Betrayal at Krondor","RPG",1993
"Doom","First-person shooter",1993
"MegaRace","Racing video game",1993
"Dark Sun: Shattered Lands","RPG, fantasy",1993
"Lands of Lore: The Throne of Chaos","RPG",1993
"1869","Strategy",1992
"Jill of the Jungle","Platform",1992
"Eye of the Beholder III: Assault on Myth Drannor","Fantasy, RPG",1992
"Dune II","Real-time strategy",1992
"Aces of the Pacific","Combat flight simulator",1992
"1-0 Soccer Manager","Sports, management",1992
"3D Construction Kit II","Simulation",1992
"Dune","Adventure, strategy",1992
"Eye of the Beholder II: The Legend of Darkmoon","Fantasy, RPG",1991
"Pools of Darkness","Fantasy, RPG",1991
"3D Construction Kit","Simulation",1991
"ZZT","Action-adventure, Puzzle",1991
"7 Colors","Strategy",1991
"4D Sports Boxing","Sports",1991
"Duke Nukem","Platformer",1991
"Death Knights of Krynn","Fantasy, RPG",1991
"NBA Live 2000","Sports",1990
"Eye of the Beholder","Fantasy, RPG",1990
"4D Sports Tennis","Sports",1990
"DragonStrike","RPG",1990
"Railroad Tycoon","Business simulation",1990
"Secret of the Silver Blades","Fantasy, RPG",1990
"Metal Gear 2: Solid Snake","Action-adventure, stealth",1990
"Zeliard","Platformer, Action RPG",1990
"Hugo's House of Horrors","Adventure, survival horror",1990
"Champions of Krynn","Fantasy, RPG",1990
"M1 Tank Platoon","Simulation, real-time tactics",1989
"007: Licence to Kill","Top-down shooter",1989
"Curse of the Azure Bonds","Fantasy, RPG",1989
"Dragons of Flame","Action, RPG, fantasy",1989
"War of the Lance","Strategy",1988
"Zork Zero","interactive fiction",1988
"Wasteland","RPG",1988
"Heroes of the Lance","RPG, fantasy",1988
"Battles of Napoleon","Wargame",1988
"4x4 Off-Road Racing","Racing",1988
"Pool of Radiance","Fantasy, RPG",1988
"Battlehawks 1942","Flight simulation",1988
"2400 A.D.","Adventure",1987
"221B Baker Street","Puzzle",1987
"Leisure Suit Larry series","Graphic adventure",1987
"Metal Gear","Action-adventure, stealth",1987
"500cc Grand Prix","Racing",1987
"180","Sports",1986
"10th Frame","Sports",1986
"A Mind Forever Voyaging","Interactive fiction",1985
"A-Train","Vehicle Simulation Game",1985
"50 Mission Crush","RPG",1984
"Axis Assassin","Tube shooter",1983
